{
    "mAP": 0.6902879417612586,
    "precision": 0.7323759327193174,
    "recall": 0.9036605018549191
}